mutation,decision,query_tm_score,target_tm_score,alignment_lddt,alignment_coverage,active_site_rmsd_angstrom,glyphosate_kd_molar,glyphosate_kd_fold_change_vs_wt,phosphoenolpyruvate_kd_molar,phosphoenolpyruvate_kd_fold_change_vs_wt,shikimate-3-phosphate_kd_molar,shikimate-3-phosphate_kd_fold_change_vs_wt,fold_ddg_kcal_mol,herbicide_escape_score,native_ligand_retention_score,missing_evidence
M288L,INSUFFICIENT_EVIDENCE,,,,,,,,,,,,,0.65,0.736,structural_metrics.query_tm_score;structural_metrics.target_tm_score;structural_metrics.alignment_lddt;structural_metrics.alignment_coverage;structural_metrics.active_site_rmsd_angstrom;ligand_kd_molar.glyphosate;ligand_kd_molar.phosphoenolpyruvate;ligand_kd_molar.shikimate-3-phosphate;ligand_kd_fold_change_vs_wt.glyphosate;ligand_kd_fold_change_vs_wt.phosphoenolpyruvate;ligand_kd_fold_change_vs_wt.shikimate-3-phosphate;fold_ddg_kcal_mol
M288I,INSUFFICIENT_EVIDENCE,,,,,,,,,,,,,0.65,0.736,structural_metrics.query_tm_score;structural_metrics.target_tm_score;structural_metrics.alignment_lddt;structural_metrics.alignment_coverage;structural_metrics.active_site_rmsd_angstrom;ligand_kd_molar.glyphosate;ligand_kd_molar.phosphoenolpyruvate;ligand_kd_molar.shikimate-3-phosphate;ligand_kd_fold_change_vs_wt.glyphosate;ligand_kd_fold_change_vs_wt.phosphoenolpyruvate;ligand_kd_fold_change_vs_wt.shikimate-3-phosphate;fold_ddg_kcal_mol
A329V,INSUFFICIENT_EVIDENCE,,,,,,,,,,,,,0.65,0.736,structural_metrics.query_tm_score;structural_metrics.target_tm_score;structural_metrics.alignment_lddt;structural_metrics.alignment_coverage;structural_metrics.active_site_rmsd_angstrom;ligand_kd_molar.glyphosate;ligand_kd_molar.phosphoenolpyruvate;ligand_kd_molar.shikimate-3-phosphate;ligand_kd_fold_change_vs_wt.glyphosate;ligand_kd_fold_change_vs_wt.phosphoenolpyruvate;ligand_kd_fold_change_vs_wt.shikimate-3-phosphate;fold_ddg_kcal_mol
A329S,INSUFFICIENT_EVIDENCE,,,,,,,,,,,,,0.65,0.736,structural_metrics.query_tm_score;structural_metrics.target_tm_score;structural_metrics.alignment_lddt;structural_metrics.alignment_coverage;structural_metrics.active_site_rmsd_angstrom;ligand_kd_molar.glyphosate;ligand_kd_molar.phosphoenolpyruvate;ligand_kd_molar.shikimate-3-phosphate;ligand_kd_fold_change_vs_wt.glyphosate;ligand_kd_fold_change_vs_wt.phosphoenolpyruvate;ligand_kd_fold_change_vs_wt.shikimate-3-phosphate;fold_ddg_kcal_mol
L356I,INSUFFICIENT_EVIDENCE,,,,,,,,,,,,,0.65,0.736,structural_metrics.query_tm_score;structural_metrics.target_tm_score;structural_metrics.alignment_lddt;structural_metrics.alignment_coverage;structural_metrics.active_site_rmsd_angstrom;ligand_kd_molar.glyphosate;ligand_kd_molar.phosphoenolpyruvate;ligand_kd_molar.shikimate-3-phosphate;ligand_kd_fold_change_vs_wt.glyphosate;ligand_kd_fold_change_vs_wt.phosphoenolpyruvate;ligand_kd_fold_change_vs_wt.shikimate-3-phosphate;fold_ddg_kcal_mol
L356M,INSUFFICIENT_EVIDENCE,,,,,,,,,,,,,0.65,0.736,structural_metrics.query_tm_score;structural_metrics.target_tm_score;structural_metrics.alignment_lddt;structural_metrics.alignment_coverage;structural_metrics.active_site_rmsd_angstrom;ligand_kd_molar.glyphosate;ligand_kd_molar.phosphoenolpyruvate;ligand_kd_molar.shikimate-3-phosphate;ligand_kd_fold_change_vs_wt.glyphosate;ligand_kd_fold_change_vs_wt.phosphoenolpyruvate;ligand_kd_fold_change_vs_wt.shikimate-3-phosphate;fold_ddg_kcal_mol
S102T,INSUFFICIENT_EVIDENCE,,,,,,,,,,,,,0.25,0.736,structural_metrics.query_tm_score;structural_metrics.target_tm_score;structural_metrics.alignment_lddt;structural_metrics.alignment_coverage;structural_metrics.active_site_rmsd_angstrom;ligand_kd_molar.glyphosate;ligand_kd_molar.phosphoenolpyruvate;ligand_kd_molar.shikimate-3-phosphate;ligand_kd_fold_change_vs_wt.glyphosate;ligand_kd_fold_change_vs_wt.phosphoenolpyruvate;ligand_kd_fold_change_vs_wt.shikimate-3-phosphate;fold_ddg_kcal_mol
S102A,INSUFFICIENT_EVIDENCE,,,,,,,,,,,,,0.25,0.736,structural_metrics.query_tm_score;structural_metrics.target_tm_score;structural_metrics.alignment_lddt;structural_metrics.alignment_coverage;structural_metrics.active_site_rmsd_angstrom;ligand_kd_molar.glyphosate;ligand_kd_molar.phosphoenolpyruvate;ligand_kd_molar.shikimate-3-phosphate;ligand_kd_fold_change_vs_wt.glyphosate;ligand_kd_fold_change_vs_wt.phosphoenolpyruvate;ligand_kd_fold_change_vs_wt.shikimate-3-phosphate;fold_ddg_kcal_mol
N103Q,INSUFFICIENT_EVIDENCE,,,,,,,,,,,,,0.25,0.736,structural_metrics.query_tm_score;structural_metrics.target_tm_score;structural_metrics.alignment_lddt;structural_metrics.alignment_coverage;structural_metrics.active_site_rmsd_angstrom;ligand_kd_molar.glyphosate;ligand_kd_molar.phosphoenolpyruvate;ligand_kd_molar.shikimate-3-phosphate;ligand_kd_fold_change_vs_wt.glyphosate;ligand_kd_fold_change_vs_wt.phosphoenolpyruvate;ligand_kd_fold_change_vs_wt.shikimate-3-phosphate;fold_ddg_kcal_mol
N103S,INSUFFICIENT_EVIDENCE,,,,,,,,,,,,,0.25,0.736,structural_metrics.query_tm_score;structural_metrics.target_tm_score;structural_metrics.alignment_lddt;structural_metrics.alignment_coverage;structural_metrics.active_site_rmsd_angstrom;ligand_kd_molar.glyphosate;ligand_kd_molar.phosphoenolpyruvate;ligand_kd_molar.shikimate-3-phosphate;ligand_kd_fold_change_vs_wt.glyphosate;ligand_kd_fold_change_vs_wt.phosphoenolpyruvate;ligand_kd_fold_change_vs_wt.shikimate-3-phosphate;fold_ddg_kcal_mol
I105L,INSUFFICIENT_EVIDENCE,,,,,,,,,,,,,0.25,0.736,structural_metrics.query_tm_score;structural_metrics.target_tm_score;structural_metrics.alignment_lddt;structural_metrics.alignment_coverage;structural_metrics.active_site_rmsd_angstrom;ligand_kd_molar.glyphosate;ligand_kd_molar.phosphoenolpyruvate;ligand_kd_molar.shikimate-3-phosphate;ligand_kd_fold_change_vs_wt.glyphosate;ligand_kd_fold_change_vs_wt.phosphoenolpyruvate;ligand_kd_fold_change_vs_wt.shikimate-3-phosphate;fold_ddg_kcal_mol
I105V,INSUFFICIENT_EVIDENCE,,,,,,,,,,,,,0.25,0.736,structural_metrics.query_tm_score;structural_metrics.target_tm_score;structural_metrics.alignment_lddt;structural_metrics.alignment_coverage;structural_metrics.active_site_rmsd_angstrom;ligand_kd_molar.glyphosate;ligand_kd_molar.phosphoenolpyruvate;ligand_kd_molar.shikimate-3-phosphate;ligand_kd_fold_change_vs_wt.glyphosate;ligand_kd_fold_change_vs_wt.phosphoenolpyruvate;ligand_kd_fold_change_vs_wt.shikimate-3-phosphate;fold_ddg_kcal_mol
P284A,INSUFFICIENT_EVIDENCE,,,,,,,,,,,,,0.25,0.736,structural_metrics.query_tm_score;structural_metrics.target_tm_score;structural_metrics.alignment_lddt;structural_metrics.alignment_coverage;structural_metrics.active_site_rmsd_angstrom;ligand_kd_molar.glyphosate;ligand_kd_molar.phosphoenolpyruvate;ligand_kd_molar.shikimate-3-phosphate;ligand_kd_fold_change_vs_wt.glyphosate;ligand_kd_fold_change_vs_wt.phosphoenolpyruvate;ligand_kd_fold_change_vs_wt.shikimate-3-phosphate;fold_ddg_kcal_mol
P284S,INSUFFICIENT_EVIDENCE,,,,,,,,,,,,,0.25,0.736,structural_metrics.query_tm_score;structural_metrics.target_tm_score;structural_metrics.alignment_lddt;structural_metrics.alignment_coverage;structural_metrics.active_site_rmsd_angstrom;ligand_kd_molar.glyphosate;ligand_kd_molar.phosphoenolpyruvate;ligand_kd_molar.shikimate-3-phosphate;ligand_kd_fold_change_vs_wt.glyphosate;ligand_kd_fold_change_vs_wt.phosphoenolpyruvate;ligand_kd_fold_change_vs_wt.shikimate-3-phosphate;fold_ddg_kcal_mol
V286I,INSUFFICIENT_EVIDENCE,,,,,,,,,,,,,0.25,0.736,structural_metrics.query_tm_score;structural_metrics.target_tm_score;structural_metrics.alignment_lddt;structural_metrics.alignment_coverage;structural_metrics.active_site_rmsd_angstrom;ligand_kd_molar.glyphosate;ligand_kd_molar.phosphoenolpyruvate;ligand_kd_molar.shikimate-3-phosphate;ligand_kd_fold_change_vs_wt.glyphosate;ligand_kd_fold_change_vs_wt.phosphoenolpyruvate;ligand_kd_fold_change_vs_wt.shikimate-3-phosphate;fold_ddg_kcal_mol
V286A,INSUFFICIENT_EVIDENCE,,,,,,,,,,,,,0.25,0.736,structural_metrics.query_tm_score;structural_metrics.target_tm_score;structural_metrics.alignment_lddt;structural_metrics.alignment_coverage;structural_metrics.active_site_rmsd_angstrom;ligand_kd_molar.glyphosate;ligand_kd_molar.phosphoenolpyruvate;ligand_kd_molar.shikimate-3-phosphate;ligand_kd_fold_change_vs_wt.glyphosate;ligand_kd_fold_change_vs_wt.phosphoenolpyruvate;ligand_kd_fold_change_vs_wt.shikimate-3-phosphate;fold_ddg_kcal_mol
E287D,INSUFFICIENT_EVIDENCE,,,,,,,,,,,,,0.25,0.736,structural_metrics.query_tm_score;structural_metrics.target_tm_score;structural_metrics.alignment_lddt;structural_metrics.alignment_coverage;structural_metrics.active_site_rmsd_angstrom;ligand_kd_molar.glyphosate;ligand_kd_molar.phosphoenolpyruvate;ligand_kd_molar.shikimate-3-phosphate;ligand_kd_fold_change_vs_wt.glyphosate;ligand_kd_fold_change_vs_wt.phosphoenolpyruvate;ligand_kd_fold_change_vs_wt.shikimate-3-phosphate;fold_ddg_kcal_mol
E287Q,INSUFFICIENT_EVIDENCE,,,,,,,,,,,,,0.25,0.736,structural_metrics.query_tm_score;structural_metrics.target_tm_score;structural_metrics.alignment_lddt;structural_metrics.alignment_coverage;structural_metrics.active_site_rmsd_angstrom;ligand_kd_molar.glyphosate;ligand_kd_molar.phosphoenolpyruvate;ligand_kd_molar.shikimate-3-phosphate;ligand_kd_fold_change_vs_wt.glyphosate;ligand_kd_fold_change_vs_wt.phosphoenolpyruvate;ligand_kd_fold_change_vs_wt.shikimate-3-phosphate;fold_ddg_kcal_mol
T289S,INSUFFICIENT_EVIDENCE,,,,,,,,,,,,,0.25,0.736,structural_metrics.query_tm_score;structural_metrics.target_tm_score;structural_metrics.alignment_lddt;structural_metrics.alignment_coverage;structural_metrics.active_site_rmsd_angstrom;ligand_kd_molar.glyphosate;ligand_kd_molar.phosphoenolpyruvate;ligand_kd_molar.shikimate-3-phosphate;ligand_kd_fold_change_vs_wt.glyphosate;ligand_kd_fold_change_vs_wt.phosphoenolpyruvate;ligand_kd_fold_change_vs_wt.shikimate-3-phosphate;fold_ddg_kcal_mol
T289V,INSUFFICIENT_EVIDENCE,,,,,,,,,,,,,0.25,0.736,structural_metrics.query_tm_score;structural_metrics.target_tm_score;structural_metrics.alignment_lddt;structural_metrics.alignment_coverage;structural_metrics.active_site_rmsd_angstrom;ligand_kd_molar.glyphosate;ligand_kd_molar.phosphoenolpyruvate;ligand_kd_molar.shikimate-3-phosphate;ligand_kd_fold_change_vs_wt.glyphosate;ligand_kd_fold_change_vs_wt.phosphoenolpyruvate;ligand_kd_fold_change_vs_wt.shikimate-3-phosphate;fold_ddg_kcal_mol
G327A,INSUFFICIENT_EVIDENCE,,,,,,,,,,,,,0.25,0.736,structural_metrics.query_tm_score;structural_metrics.target_tm_score;structural_metrics.alignment_lddt;structural_metrics.alignment_coverage;structural_metrics.active_site_rmsd_angstrom;ligand_kd_molar.glyphosate;ligand_kd_molar.phosphoenolpyruvate;ligand_kd_molar.shikimate-3-phosphate;ligand_kd_fold_change_vs_wt.glyphosate;ligand_kd_fold_change_vs_wt.phosphoenolpyruvate;ligand_kd_fold_change_vs_wt.shikimate-3-phosphate;fold_ddg_kcal_mol
G327S,INSUFFICIENT_EVIDENCE,,,,,,,,,,,,,0.25,0.736,structural_metrics.query_tm_score;structural_metrics.target_tm_score;structural_metrics.alignment_lddt;structural_metrics.alignment_coverage;structural_metrics.active_site_rmsd_angstrom;ligand_kd_molar.glyphosate;ligand_kd_molar.phosphoenolpyruvate;ligand_kd_molar.shikimate-3-phosphate;ligand_kd_fold_change_vs_wt.glyphosate;ligand_kd_fold_change_vs_wt.phosphoenolpyruvate;ligand_kd_fold_change_vs_wt.shikimate-3-phosphate;fold_ddg_kcal_mol
S333T,INSUFFICIENT_EVIDENCE,,,,,,,,,,,,,0.25,0.736,structural_metrics.query_tm_score;structural_metrics.target_tm_score;structural_metrics.alignment_lddt;structural_metrics.alignment_coverage;structural_metrics.active_site_rmsd_angstrom;ligand_kd_molar.glyphosate;ligand_kd_molar.phosphoenolpyruvate;ligand_kd_molar.shikimate-3-phosphate;ligand_kd_fold_change_vs_wt.glyphosate;ligand_kd_fold_change_vs_wt.phosphoenolpyruvate;ligand_kd_fold_change_vs_wt.shikimate-3-phosphate;fold_ddg_kcal_mol
S333A,INSUFFICIENT_EVIDENCE,,,,,,,,,,,,,0.25,0.736,structural_metrics.query_tm_score;structural_metrics.target_tm_score;structural_metrics.alignment_lddt;structural_metrics.alignment_coverage;structural_metrics.active_site_rmsd_angstrom;ligand_kd_molar.glyphosate;ligand_kd_molar.phosphoenolpyruvate;ligand_kd_molar.shikimate-3-phosphate;ligand_kd_fold_change_vs_wt.glyphosate;ligand_kd_fold_change_vs_wt.phosphoenolpyruvate;ligand_kd_fold_change_vs_wt.shikimate-3-phosphate;fold_ddg_kcal_mol
F335Y,INSUFFICIENT_EVIDENCE,,,,,,,,,,,,,0.25,0.736,structural_metrics.query_tm_score;structural_metrics.target_tm_score;structural_metrics.alignment_lddt;structural_metrics.alignment_coverage;structural_metrics.active_site_rmsd_angstrom;ligand_kd_molar.glyphosate;ligand_kd_molar.phosphoenolpyruvate;ligand_kd_molar.shikimate-3-phosphate;ligand_kd_fold_change_vs_wt.glyphosate;ligand_kd_fold_change_vs_wt.phosphoenolpyruvate;ligand_kd_fold_change_vs_wt.shikimate-3-phosphate;fold_ddg_kcal_mol
F335L,INSUFFICIENT_EVIDENCE,,,,,,,,,,,,,0.25,0.736,structural_metrics.query_tm_score;structural_metrics.target_tm_score;structural_metrics.alignment_lddt;structural_metrics.alignment_coverage;structural_metrics.active_site_rmsd_angstrom;ligand_kd_molar.glyphosate;ligand_kd_molar.phosphoenolpyruvate;ligand_kd_molar.shikimate-3-phosphate;ligand_kd_fold_change_vs_wt.glyphosate;ligand_kd_fold_change_vs_wt.phosphoenolpyruvate;ligand_kd_fold_change_vs_wt.shikimate-3-phosphate;fold_ddg_kcal_mol
S355T,INSUFFICIENT_EVIDENCE,,,,,,,,,,,,,0.25,0.736,structural_metrics.query_tm_score;structural_metrics.target_tm_score;structural_metrics.alignment_lddt;structural_metrics.alignment_coverage;structural_metrics.active_site_rmsd_angstrom;ligand_kd_molar.glyphosate;ligand_kd_molar.phosphoenolpyruvate;ligand_kd_molar.shikimate-3-phosphate;ligand_kd_fold_change_vs_wt.glyphosate;ligand_kd_fold_change_vs_wt.phosphoenolpyruvate;ligand_kd_fold_change_vs_wt.shikimate-3-phosphate;fold_ddg_kcal_mol
S355A,INSUFFICIENT_EVIDENCE,,,,,,,,,,,,,0.25,0.736,structural_metrics.query_tm_score;structural_metrics.target_tm_score;structural_metrics.alignment_lddt;structural_metrics.alignment_coverage;structural_metrics.active_site_rmsd_angstrom;ligand_kd_molar.glyphosate;ligand_kd_molar.phosphoenolpyruvate;ligand_kd_molar.shikimate-3-phosphate;ligand_kd_fold_change_vs_wt.glyphosate;ligand_kd_fold_change_vs_wt.phosphoenolpyruvate;ligand_kd_fold_change_vs_wt.shikimate-3-phosphate;fold_ddg_kcal_mol
Q357N,INSUFFICIENT_EVIDENCE,,,,,,,,,,,,,0.25,0.736,structural_metrics.query_tm_score;structural_metrics.target_tm_score;structural_metrics.alignment_lddt;structural_metrics.alignment_coverage;structural_metrics.active_site_rmsd_angstrom;ligand_kd_molar.glyphosate;ligand_kd_molar.phosphoenolpyruvate;ligand_kd_molar.shikimate-3-phosphate;ligand_kd_fold_change_vs_wt.glyphosate;ligand_kd_fold_change_vs_wt.phosphoenolpyruvate;ligand_kd_fold_change_vs_wt.shikimate-3-phosphate;fold_ddg_kcal_mol
Q357E,INSUFFICIENT_EVIDENCE,,,,,,,,,,,,,0.25,0.736,structural_metrics.query_tm_score;structural_metrics.target_tm_score;structural_metrics.alignment_lddt;structural_metrics.alignment_coverage;structural_metrics.active_site_rmsd_angstrom;ligand_kd_molar.glyphosate;ligand_kd_molar.phosphoenolpyruvate;ligand_kd_molar.shikimate-3-phosphate;ligand_kd_fold_change_vs_wt.glyphosate;ligand_kd_fold_change_vs_wt.phosphoenolpyruvate;ligand_kd_fold_change_vs_wt.shikimate-3-phosphate;fold_ddg_kcal_mol
P406A,INSUFFICIENT_EVIDENCE,,,,,,,,,,,,,0.25,0.736,structural_metrics.query_tm_score;structural_metrics.target_tm_score;structural_metrics.alignment_lddt;structural_metrics.alignment_coverage;structural_metrics.active_site_rmsd_angstrom;ligand_kd_molar.glyphosate;ligand_kd_molar.phosphoenolpyruvate;ligand_kd_molar.shikimate-3-phosphate;ligand_kd_fold_change_vs_wt.glyphosate;ligand_kd_fold_change_vs_wt.phosphoenolpyruvate;ligand_kd_fold_change_vs_wt.shikimate-3-phosphate;fold_ddg_kcal_mol
P406S,INSUFFICIENT_EVIDENCE,,,,,,,,,,,,,0.25,0.736,structural_metrics.query_tm_score;structural_metrics.target_tm_score;structural_metrics.alignment_lddt;structural_metrics.alignment_coverage;structural_metrics.active_site_rmsd_angstrom;ligand_kd_molar.glyphosate;ligand_kd_molar.phosphoenolpyruvate;ligand_kd_molar.shikimate-3-phosphate;ligand_kd_fold_change_vs_wt.glyphosate;ligand_kd_fold_change_vs_wt.phosphoenolpyruvate;ligand_kd_fold_change_vs_wt.shikimate-3-phosphate;fold_ddg_kcal_mol
V408I,INSUFFICIENT_EVIDENCE,,,,,,,,,,,,,0.25,0.736,structural_metrics.query_tm_score;structural_metrics.target_tm_score;structural_metrics.alignment_lddt;structural_metrics.alignment_coverage;structural_metrics.active_site_rmsd_angstrom;ligand_kd_molar.glyphosate;ligand_kd_molar.phosphoenolpyruvate;ligand_kd_molar.shikimate-3-phosphate;ligand_kd_fold_change_vs_wt.glyphosate;ligand_kd_fold_change_vs_wt.phosphoenolpyruvate;ligand_kd_fold_change_vs_wt.shikimate-3-phosphate;fold_ddg_kcal_mol
V408A,INSUFFICIENT_EVIDENCE,,,,,,,,,,,,,0.25,0.736,structural_metrics.query_tm_score;structural_metrics.target_tm_score;structural_metrics.alignment_lddt;structural_metrics.alignment_coverage;structural_metrics.active_site_rmsd_angstrom;ligand_kd_molar.glyphosate;ligand_kd_molar.phosphoenolpyruvate;ligand_kd_molar.shikimate-3-phosphate;ligand_kd_fold_change_vs_wt.glyphosate;ligand_kd_fold_change_vs_wt.phosphoenolpyruvate;ligand_kd_fold_change_vs_wt.shikimate-3-phosphate;fold_ddg_kcal_mol
D477E,INSUFFICIENT_EVIDENCE,,,,,,,,,,,,,0.25,0.736,structural_metrics.query_tm_score;structural_metrics.target_tm_score;structural_metrics.alignment_lddt;structural_metrics.alignment_coverage;structural_metrics.active_site_rmsd_angstrom;ligand_kd_molar.glyphosate;ligand_kd_molar.phosphoenolpyruvate;ligand_kd_molar.shikimate-3-phosphate;ligand_kd_fold_change_vs_wt.glyphosate;ligand_kd_fold_change_vs_wt.phosphoenolpyruvate;ligand_kd_fold_change_vs_wt.shikimate-3-phosphate;fold_ddg_kcal_mol
D477N,INSUFFICIENT_EVIDENCE,,,,,,,,,,,,,0.25,0.736,structural_metrics.query_tm_score;structural_metrics.target_tm_score;structural_metrics.alignment_lddt;structural_metrics.alignment_coverage;structural_metrics.active_site_rmsd_angstrom;ligand_kd_molar.glyphosate;ligand_kd_molar.phosphoenolpyruvate;ligand_kd_molar.shikimate-3-phosphate;ligand_kd_fold_change_vs_wt.glyphosate;ligand_kd_fold_change_vs_wt.phosphoenolpyruvate;ligand_kd_fold_change_vs_wt.shikimate-3-phosphate;fold_ddg_kcal_mol
